<?xml version="1.0" encoding="UTF-8"?>
<beans xmlns="http://www.springframework.org/schema/beans"
	xmlns:xsi="http://www.w3.org/2001/XMLSchema-instance"
	xmlns:context="http://www.springframework.org/schema/context"
	xmlns:aop="http://www.springframework.org/schema/aop"
	xmlns:tx="http://www.springframework.org/schema/tx"
	xsi:schemaLocation="http://www.springframework.org/schema/beans http://www.springframework.org/schema/beans/spring-beans.xsd
		http://www.springframework.org/schema/context http://www.springframework.org/schema/context/spring-context-4.0.xsd
		http://www.springframework.org/schema/aop http://www.springframework.org/schema/aop/spring-aop-4.0.xsd
		http://www.springframework.org/schema/tx http://www.springframework.org/schema/tx/spring-tx-4.0.xsd">

	<context:component-scan base-package="com.atguigu.book_xml"></context:component-scan>
	
	<!-- 引入属性文件 -->
	<context:property-placeholder location="db.properties"/>

	<!-- 创建数据源 -->
	<bean id="dataSource" class="com.alibaba.druid.pool.DruidDataSource">
		<property name="driverClassName" value="${jdbc.driver}"></property>
		<property name="url" value="${jdbc.url}"></property>
		<property name="username" value="${jdbc.username}"></property>
		<property name="password" value="${jdbc.password}"></property>
	</bean>

	<!-- 通过数据源配置JdbcTemplate -->
	<bean id="jdbcTemplate" class="org.springframework.jdbc.core.JdbcTemplate">
		<property name="dataSource" ref="dataSource"></property>
	</bean>
	
	<!-- 配置事务管理器，不管是用注解方式或xml方式配置事务，一定要有DataSourceTransactionManager事务管理器的支持 -->
	<bean id="dataSourceTransactionManager" class="org.springframework.jdbc.datasource.DataSourceTransactionManager">
		<property name="dataSource" ref="dataSource"></property>
	</bean>
	
	<!-- 配置事务通知 -->
	<tx:advice id="tx" transaction-manager="dataSourceTransactionManager">
		<tx:attributes>
			<!-- 在设置好的切入点表达式下再次进行事务设置 -->
			<tx:method name="buyBook"/>
			<tx:method name="checkOut"/>
			
			<!-- 只有select开头的方法才会被事务处理 -->
			<tx:method name="select*" read-only="true"/>
			<tx:method name="insert*"/>
			<tx:method name="update*"/>
			<tx:method name="delete*"/>
			
			<tx:method name="*"/>
			
		</tx:attributes>
	</tx:advice>

	<!-- 配置切入点表达式 -->
	<aop:config>
		<aop:pointcut expression="execution(* com.atguigu.book_xml.service.impl.*.*(..))" id="pointCut"/>
		<aop:advisor advice-ref="tx" pointcut-ref="pointCut"/>
	</aop:config>
	
</beans>
