<?xml version="1.0" encoding="UTF-8"?>
<beans xmlns="http://www.springframework.org/schema/beans"
	xmlns:xsi="http://www.w3.org/2001/XMLSchema-instance"
	xsi:schemaLocation="http://www.springframework.org/schema/beans http://www.springframework.org/schema/beans/spring-beans.xsd">

	<!-- 
		<bean>:定义spring所管理的一个对象
		id:该对象的唯一标示，注意：不能重复，在通过类型获取bean的过程中可以不设置
		class:此对象所属类的全限定名
	 -->
	<bean id="personOne" class="com.atguigu.spring.mod.Person">
		<!-- 
			<property>:为对象的某个属性赋值
			name:属性名
			value:属性值
		 -->
		<property name="id" value="1111"></property>
		<property name="name" value="小明"></property>
	</bean>
	
	<bean id="personTwo" class="com.atguigu.spring.mod.Person">
		<property name="id" value="2222"></property>
		<property name="name" value="小红"></property>
	</bean>

</beans>
