<?xml version="1.0" encoding="UTF-8"?>
<beans xmlns="http://www.springframework.org/schema/beans"
	xmlns:xsi="http://www.w3.org/2001/XMLSchema-instance"
	xsi:schemaLocation="http://www.springframework.org/schema/beans http://www.springframework.org/schema/beans/spring-beans.xsd">

	<bean id="person" class="com.atguigu.ioc.life.Person" init-method="init" destroy-method="destory">
		<property name="id" value="1001"></property>
		<property name="sex" value="男"></property>
	</bean>
	
	<bean class="com.atguigu.ioc.life.AfterHandler"></bean>

</beans>
