<?xml version="1.0" encoding="UTF-8"?>
<beans xmlns="http://www.springframework.org/schema/beans"
	xmlns:xsi="http://www.w3.org/2001/XMLSchema-instance"
	xsi:schemaLocation="http://www.springframework.org/schema/beans http://www.springframework.org/schema/beans/spring-beans.xsd">

	<!-- 
		autowire:根据某种策略自动为非字面量属性赋值
		autowire="byName|byType"
		byName:通过属性名和spring容器中bean的id进行比较，若一致则可直接赋值
		byType:通过spring容器中bean的类型，为兼容性的属性赋值
			   在使用byType的过程中，要求spring容器中只能有一个能为属性赋值的bean
		选用建议: 当设置autowire属性，会作用于该bean中所有的非字面量属性，因此谁都不用
	 -->
	
	<bean id="emp" class="com.atguigu.ioc.auto.Emp" autowire="byType">
		<property name="eid" value="1001"></property>
		<property name="ename" value="张三"></property>
	</bean>
	
	<bean id="car1" class="com.atguigu.ioc.auto.Car">
		<property name="cid" value="666666"></property>
		<property name="cname" value="霸道"></property>
	</bean>
	
	<bean id="car2" class="com.atguigu.ioc.auto.Car">
		<property name="cid" value="8888888"></property>
		<property name="cname" value="奥迪A8"></property>
	</bean>
	
	<bean id="dept1" class="com.atguigu.ioc.auto.Dept">
		<property name="did" value="11111"></property>
		<property name="dname" value="开发部"></property>
	</bean>

</beans>
